tui eiuq,f,,,2,0,2,0,0,2,2,0,2,2,2,2,2,0,2,2,2,2,2,2,2,2,2,2,2,2,2,2,2,0,2,2,2,2,2,2,2,2,2,2,2,2,2,2,,,,,,,,,,,,,,,,,,,,,,,,,,,,,,,,,,,,,,,
tuo iquq,f,,,2,2,2,2,0,2,2,2,2,2,2,2,0,0,2,2,1,2,2,2,1,0,2,2,2,2,2,2,2,1,2,2,2,2,2,2,2,2,2,2,2,2,2,2,0,0,1,0,1,1,0,1,1,0,0,1,0,1,0,1,0,1,,,,,,,,,,,,,,,,,,,,,
tio tqiw,f,,,2,1,2,0,0,2,2,2,2,2,2,2,2,0,1,2,2,2,2,2,2,2,2,2,2,2,2,2,2,2,2,2,2,2,2,2,2,2,2,2,2,2,2,2,0,0,1,1,1,1,0,1,1,0,0,0,1,1,1,1,0,0,,,,,,,,,,,,,,,,,,,,,
tuu wrte,f,,,2,1,1,0,0,2,2,1,1,1,2,2,0,2,2,2,2,2,2,2,2,2,2,1,2,2,2,2,1,0,2,2,2,2,2,2,2,2,2,2,2,2,2,2,1,1,1,1,1,0,1,1,1,1,0,1,0,1,1,1,0,1,0,1,0,1,1,1,0,1,1,0,1,1,0,0,0,1,0,1,0,0,1
tio tqit,f,,,2,2,2,1,0,2,2,2,2,2,2,2,0,0,2,2,2,2,2,2,2,0,2,2,2,0,2,2,1,2,2,2,2,2,2,2,2,2,2,2,2,2,2,2,1,1,0,0,1,0,1,1,1,1,0,1,1,1,1,1,0,1,,,,,,,,,,,,,,,,,,,,,
tio tqio,m,,,2,2,2,2,1,2,2,1,2,2,2,2,0,0,1,2,2,2,2,2,2,2,2,2,2,2,2,2,2,2,2,2,2,2,2,2,2,2,2,2,2,2,2,2,0,0,0,0,1,1,1,1,1,0,0,1,1,1,1,1,0,1,,,,,,,,,,,,,,,,,,,,,
tuu wrtt,m,,,2,2,2,1,0,2,2,1,2,2,2,2,0,0,2,2,2,2,2,2,2,2,2,2,2,2,2,2,2,2,2,2,2,2,2,2,2,2,2,2,2,2,2,2,0,1,1,1,1,1,0,0,1,0,0,1,0,1,0,1,0,1,1,0,0,1,1,1,1,0,1,0,1,1,1,1,1,0,0,0,0,0,1
tui eiyt,m,,,2,2,2,2,0,2,2,1,2,2,2,2,1,0,2,2,2,2,2,2,1,2,1,0,2,2,2,2,2,1,2,2,2,2,2,2,2,2,2,2,2,2,2,2,0,0,1,0,1,1,0,0,1,0,0,1,0,1,0,1,1,1,,,,,,,,,,,,,,,,,,,,,
tie iooe,f,,,2,2,2,1,1,2,2,1,2,2,2,2,0,0,2,2,2,2,2,2,2,2,1,2,2,2,2,2,2,2,2,2,2,2,2,2,2,2,2,2,2,2,2,2,1,1,1,1,1,0,0,0,1,0,0,1,1,1,0,1,0,0,,,,,,,,,,,,,,,,,,,,,
tie oppp,f,,,2,1,2,2,0,2,2,0,2,2,2,2,2,0,2,2,2,2,2,2,1,2,2,2,2,2,2,2,1,2,2,2,2,2,2,2,2,2,2,2,2,2,2,2,1,1,0,0,1,0,0,0,1,0,0,1,0,1,1,1,0,0,,,,,,,,,,,,,,,,,,,,,
tie oppt,m,,,2,2,1,1,0,2,2,0,2,2,2,2,0,0,2,2,2,2,2,2,2,2,1,2,2,2,2,2,2,2,2,2,2,2,2,2,2,2,2,2,2,2,2,2,0,1,1,0,1,1,0,0,1,0,0,1,0,1,1,1,1,1,,,,,,,,,,,,,,,,,,,,,
tiy wipi,f,,,2,1,2,2,0,2,2,1,2,2,2,2,2,2,2,2,2,2,2,2,2,2,0,2,2,2,2,2,2,2,2,2,2,2,2,2,2,2,2,2,2,2,2,2,1,0,0,0,1,0,0,0,1,0,0,1,0,1,1,1,0,0,,,,,,,,,,,,,,,,,,,,,
tiy wiqw,f,,,2,2,2,0,0,2,2,2,2,2,2,2,1,0,2,2,1,2,2,2,2,2,2,2,2,2,2,2,2,2,2,2,2,2,2,2,2,2,2,2,2,2,2,1,1,1,0,1,1,0,0,0,1,0,0,0,0,1,0,1,0,0,,,,,,,,,,,,,,,,,,,,,
tiy wiqe,m,,,2,2,2,0,0,2,2,0,2,2,2,2,0,0,2,2,2,2,2,2,2,2,2,2,2,2,2,2,2,2,2,2,2,2,2,2,2,2,2,2,2,2,2,2,0,1,1,0,1,1,0,0,1,0,0,1,0,1,0,1,1,1,,,,,,,,,,,,,,,,,,,,,
tio tqie,f,,,2,0,2,0,1,2,2,2,2,2,2,2,0,2,1,2,2,2,2,2,2,2,2,0,2,2,2,2,2,2,2,2,2,2,2,2,2,2,2,2,2,2,2,2,1,0,1,0,1,0,0,0,1,0,0,1,1,1,1,1,1,1,,,,,,,,,,,,,,,,,,,,,
tio tqiy,f,,,2,2,2,1,0,2,2,1,1,2,2,2,0,0,2,2,0,2,2,2,2,1,2,0,2,2,2,2,2,2,2,2,2,2,2,2,2,2,2,2,2,2,2,2,1,0,1,0,1,0,0,0,1,0,0,1,0,1,1,1,0,0,,,,,,,,,,,,,,,,,,,,,
tuo iquw,f,,,2,2,2,2,0,2,2,1,2,2,2,2,0,0,1,2,2,2,2,2,2,2,2,2,2,2,2,2,2,2,2,2,2,2,2,2,2,1,2,2,2,2,2,2,0,0,0,0,1,1,1,0,1,0,0,1,0,1,1,1,1,1,,,,,,,,,,,,,,,,,,,,,
tie oppq,f,,,2,2,2,1,0,2,2,0,2,2,2,2,0,0,2,2,2,2,2,2,2,2,1,2,2,2,2,2,2,1,2,2,2,2,2,2,2,2,2,2,2,2,2,2,0,0,0,1,1,1,1,0,1,0,0,1,1,1,0,1,1,0,,,,,,,,,,,,,,,,,,,,,
tie oppy,m,,,2,1,2,1,0,2,2,1,2,2,2,1,0,0,2,2,1,2,2,2,2,2,1,2,2,0,2,2,2,2,2,2,2,2,2,2,2,2,2,2,2,2,2,2,0,0,0,0,1,1,1,0,1,0,0,1,0,1,0,1,0,1,,,,,,,,,,,,,,,,,,,,,
tio tqiq,f,,,2,1,1,1,0,2,2,0,2,2,2,2,0,0,2,2,2,2,2,2,2,2,2,2,2,2,0,2,2,2,2,2,2,2,2,2,2,2,2,2,2,2,2,2,0,0,1,0,1,1,1,0,1,0,0,0,0,1,1,0,1,0,,,,,,,,,,,,,,,,,,,,,
tuo iquu,m,,,2,2,2,1,0,2,2,0,2,2,2,2,2,0,2,2,2,2,2,2,2,2,2,2,2,0,0,2,2,2,2,2,2,2,2,2,2,1,2,2,2,2,2,2,1,0,0,1,1,0,0,1,1,1,1,1,0,1,0,1,1,1,,,,,,,,,,,,,,,,,,,,,
tiy wiqr,m,,,2,2,2,2,0,2,2,2,2,1,2,2,0,0,0,2,2,2,2,2,0,1,2,1,2,2,2,2,2,2,2,2,2,2,2,2,2,2,2,2,2,2,2,2,1,1,0,1,1,0,0,1,1,1,1,0,0,1,0,1,1,1,,,,,,,,,,,,,,,,,,,,,
tuu qpwy,m,,,2,2,2,1,0,2,2,0,2,2,2,2,0,2,2,2,2,2,2,2,2,2,2,2,2,2,2,2,2,2,2,2,2,2,2,2,2,2,2,2,2,2,2,2,1,0,1,1,1,0,0,0,0,1,1,0,1,1,0,1,1,1,0,0,0,1,1,0,1,0,1,0,1,1,0,1,1,1,0,0,1,1,1
tui eiyu,m,,,2,1,2,0,0,2,2,2,2,2,2,2,0,0,2,2,2,2,2,2,2,2,2,2,2,2,2,2,2,1,2,2,2,2,2,2,2,2,2,2,2,2,2,2,1,1,1,0,1,0,0,0,1,0,1,0,1,1,0,1,1,1,,,,,,,,,,,,,,,,,,,,,
tuo iqyy,f,,,2,1,2,0,0,2,2,0,2,1,2,2,0,0,2,2,2,2,2,2,1,2,2,2,2,2,2,2,2,2,2,2,2,2,2,2,2,2,2,2,2,2,2,2,0,1,1,0,1,1,0,0,1,0,1,1,0,1,0,1,0,1,,,,,,,,,,,,,,,,,,,,,
tuo iqut,m,,,2,2,0,0,0,2,2,0,2,2,2,2,0,2,1,2,2,2,2,2,2,1,2,2,2,2,2,2,2,2,2,1,2,2,2,2,2,2,2,2,2,2,2,2,1,0,0,0,1,0,0,0,1,0,1,0,0,1,1,1,0,1,,,,,,,,,,,,,,,,,,,,,
tiw uiip,f,,,2,2,2,1,0,2,2,0,2,2,2,2,0,0,2,2,2,2,2,2,2,2,1,2,2,0,2,2,2,2,2,2,2,2,2,2,2,2,2,2,2,2,2,2,1,1,1,1,1,0,0,0,1,0,1,1,0,1,0,1,1,0,,,,,,,,,,,,,,,,,,,,,
tie iooi,f,,,2,1,2,1,0,2,2,1,2,2,2,2,2,0,2,2,2,2,2,2,0,2,2,2,2,2,2,2,2,2,2,2,2,2,2,2,2,2,2,2,2,2,2,2,0,1,0,0,1,1,0,0,1,0,1,1,0,1,0,1,1,0,,,,,,,,,,,,,,,,,,,,,
tui eiyq,m,,,2,2,2,2,0,2,2,2,2,2,2,2,0,0,2,1,2,2,2,2,2,2,1,2,2,2,2,2,1,2,2,2,2,2,2,2,2,2,2,2,2,2,2,2,1,1,1,1,1,0,1,0,1,0,1,0,0,1,1,1,1,1,,,,,,,,,,,,,,,,,,,,,
tiw uiuy,f,,,2,2,2,1,0,2,2,0,2,2,2,2,2,0,2,2,2,2,2,2,2,2,1,2,2,2,2,0,2,2,2,2,2,2,2,2,2,2,2,2,2,2,2,2,0,0,0,0,1,1,1,0,1,0,1,0,0,1,1,1,1,1,,,,,,,,,,,,,,,,,,,,,
toq peur,f,,,2,0,2,1,0,2,2,1,2,2,2,2,2,0,2,2,2,2,2,2,2,2,2,2,2,2,2,2,2,2,2,2,2,2,2,2,2,2,2,2,2,2,2,2,,,,,,,,,,,,,,,,,,,,,,,,,,,,,,,,,,,,,,,
Toe Pwyt,f,,,1,2,2,2,0,2,2,1,2,2,2,2,2,0,2,2,2,2,2,2,2,2,2,2,2,2,2,2,2,2,2,2,2,2,2,2,2,2,2,2,2,2,2,2,,,,,,,,,,,,,,,,,,,,,,,,,,,,,,,,,,,,,,,
Toe Pwyu,f,,,2,2,2,0,0,2,2,1,2,2,2,2,0,0,2,2,2,2,2,2,2,2,1,2,2,2,2,2,1,2,2,2,2,2,2,2,2,2,2,2,2,2,2,2,,,,,,,,,,,,,,,,,,,,,,,,,,,,,,,,,,,,,,,
Toe Pwyi,f,,,2,1,2,1,0,2,2,2,2,2,2,2,0,2,2,2,2,2,2,2,2,2,2,2,2,0,2,2,2,2,2,2,2,2,2,2,2,2,2,2,2,2,2,2,,,,,,,,,,,,,,,,,,,,,,,,,,,,,,,,,,,,,,,
Toe Pwup,m,,,2,2,2,1,0,2,2,1,2,2,2,2,0,0,2,2,2,2,2,2,2,2,2,2,2,0,2,2,2,2,2,2,2,2,2,2,2,2,2,2,2,2,2,2,,,,,,,,,,,,,,,,,,,,,,,,,,,,,,,,,,,,,,,
Toe Pwue,m,,,2,2,2,1,0,2,2,0,2,2,2,2,2,0,2,2,2,2,2,2,2,2,2,2,2,2,2,2,2,2,2,2,2,2,2,2,2,2,2,2,2,2,2,2,,,,,,,,,,,,,,,,,,,,,,,,,,,,,,,,,,,,,,,
Toe Pwur,m,,,2,2,2,1,0,2,2,2,2,2,2,2,0,0,2,2,2,2,2,2,2,2,1,2,2,2,2,1,2,2,2,2,2,2,2,1,2,2,2,2,2,1,1,2,,,,,,,,,,,,,,,,,,,,,,,,,,,,,,,,,,,,,,,
Tou Irpp,m,,,2,2,2,1,1,2,2,1,2,1,2,2,0,0,2,2,1,2,2,1,2,2,2,2,2,0,2,2,2,2,2,2,2,2,2,2,2,2,2,2,2,2,2,2,,,,,,,,,,,,,,,,,,,,,,,,,,,,,,,,,,,,,,,
Tou Irpw,m,,,2,2,2,2,0,2,2,1,2,1,2,2,2,0,2,2,2,2,2,1,2,2,1,2,2,2,2,2,2,2,2,2,2,2,2,2,2,2,2,2,2,2,2,2,,,,,,,,,,,,,,,,,,,,,,,,,,,,,,,,,,,,,,,
Yip Pwqu,m,,,2,2,2,0,1,2,2,2,2,2,2,2,0,0,2,2,2,2,2,2,0,2,1,2,2,2,2,2,2,2,2,2,2,2,2,2,2,2,2,2,2,2,2,2,,,,,,,,,,,,,,,,,,,,,,,,,,,,,,,,,,,,,,,
Yip Pwqi,m,,,2,2,2,1,0,2,2,2,2,2,2,2,0,0,2,2,2,2,2,2,2,2,1,2,2,2,2,2,1,2,2,2,2,2,2,2,2,2,2,2,2,2,2,2,,,,,,,,,,,,,,,,,,,,,,,,,,,,,,,,,,,,,,,
Ype Iury,m,,,2,2,2,1,0,2,2,1,2,2,2,2,0,0,2,2,2,2,2,2,2,2,2,2,2,0,2,2,2,2,2,2,2,2,2,2,2,2,2,2,2,2,2,2,,,,,,,,,,,,,,,,,,,,,,,,,,,,,,,,,,,,,,,
Ype Iuru,m,,,2,1,2,2,0,2,2,2,1,2,2,2,0,0,2,2,2,2,2,2,0,2,2,1,2,2,2,2,2,2,2,2,2,2,2,2,2,2,2,2,2,2,2,2,,,,,,,,,,,,,,,,,,,,,,,,,,,,,,,,,,,,,,,
Ypq Uwyi,m,,,2,2,2,0,1,2,2,1,2,2,2,2,0,0,2,2,2,2,2,2,2,1,2,2,2,2,2,2,2,2,2,2,2,2,2,2,2,2,2,2,2,2,2,2,,,,,,,,,,,,,,,,,,,,,,,,,,,,,,,,,,,,,,,
Ype Iueu,f,,,2,2,2,2,0,2,2,2,2,2,2,2,0,0,2,2,2,2,2,2,2,2,2,2,2,2,2,2,2,2,2,2,2,2,2,2,2,2,2,2,2,2,2,2,,,,,,,,,,,,,,,,,,,,,,,,,,,,,,,,,,,,,,,
Ype Iueo,f,,,2,1,2,1,0,2,2,1,2,2,2,2,0,0,2,2,2,2,2,2,2,2,2,2,2,2,0,2,2,2,2,2,2,2,2,2,2,2,2,2,2,2,2,2,,,,,,,,,,,,,,,,,,,,,,,,,,,,,,,,,,,,,,,
Ype Iurw,m,,,2,2,2,0,0,2,2,1,2,2,2,2,0,2,2,2,2,2,2,2,2,2,2,2,2,2,2,2,2,2,2,2,2,2,2,2,2,2,2,2,2,2,2,2,,,,,,,,,,,,,,,,,,,,,,,,,,,,,,,,,,,,,,,
Tou Irpo,f,,,2,2,2,0,0,2,2,1,2,2,2,2,0,0,2,2,2,2,2,2,2,2,2,1,2,2,2,2,2,2,2,2,2,2,2,2,2,2,2,2,2,2,2,2,,,,,,,,,,,,,,,,,,,,,,,,,,,,,,,,,,,,,,,
Toe Pwye,f,,,2,2,2,1,0,2,2,2,2,2,2,2,0,0,2,2,2,2,2,1,2,2,1,2,2,2,2,2,2,2,2,2,2,2,2,2,2,2,2,2,2,2,2,2,,,,,,,,,,,,,,,,,,,,,,,,,,,,,,,,,,,,,,,
tuo iquy,m,,,2,2,2,1,0,2,2,1,2,2,2,2,0,0,2,2,1,2,2,0,1,2,1,2,2,2,2,2,2,1,2,2,2,2,2,2,2,2,2,2,2,2,2,2,1,1,0,0,1,0,1,1,1,1,0,0,1,1,1,1,1,1,,,,,,,,,,,,,,,,,,,,,
Tou Irpr,m,,,2,1,1,0,0,2,2,1,2,2,2,2,0,2,2,2,2,2,2,2,2,2,2,2,2,2,2,2,2,2,2,2,2,2,2,2,2,2,2,2,2,2,2,2,,,,,,,,,,,,,,,,,,,,,,,,,,,,,,,,,,,,,,,
Ypq Uwyu,m,,,2,2,1,1,0,2,2,2,2,2,2,2,0,0,2,2,2,2,2,2,2,2,2,2,2,2,2,2,2,2,2,2,2,2,2,2,2,2,2,2,2,2,2,2,,,,,,,,,,,,,,,,,,,,,,,,,,,,,,,,,,,,,,,
Toe Pwuq,m,,,2,1,2,2,0,2,2,0,2,2,2,2,0,0,2,2,2,2,2,0,2,2,2,2,2,0,2,2,2,2,2,2,2,2,2,2,2,2,2,2,2,2,2,2,,,,,,,,,,,,,,,,,,,,,,,,,,,,,,,,,,,,,,,
tiy wiqp,f,,,2,2,2,0,1,2,2,2,2,2,2,2,2,0,2,2,1,2,2,1,2,1,2,2,2,2,2,2,2,2,2,2,2,2,2,2,2,2,2,2,2,2,2,2,1,1,1,1,1,0,1,0,1,0,0,1,1,1,0,1,0,0,,,,,,,,,,,,,,,,,,,,,
tiw uiiw,m,,,2,2,2,1,0,2,2,1,2,2,2,2,0,0,2,2,2,2,2,2,2,2,1,2,2,2,2,2,2,2,2,2,2,2,2,2,2,2,2,2,2,2,2,1,1,0,0,1,1,0,0,1,1,1,1,1,0,1,1,1,0,1,,,,,,,,,,,,,,,,,,,,,
Yip Ipet,f,,,2,2,2,1,0,2,2,1,2,2,2,2,2,0,2,2,2,2,2,2,0,2,2,2,2,2,2,1,2,2,2,2,2,2,2,2,2,2,2,2,2,2,2,2,,,,,,,,,,,,,,,,,,,,,,,,,,,,,,,,,,,,,,,
Yiw Tyiy,m,,,2,1,2,0,0,2,2,2,2,2,2,2,0,0,2,2,0,2,2,2,0,2,2,2,2,2,2,2,2,2,2,2,2,2,2,2,2,2,2,2,2,2,2,2,,,,,,,,,,,,,,,,,,,,,,,,,,,,,,,,,,,,,,,
tuo iqup,f,,,2,1,1,0,0,2,2,2,2,2,2,2,2,0,0,2,2,2,2,2,2,2,0,2,2,2,2,2,2,1,2,2,2,2,2,2,2,2,2,2,2,2,2,2,1,0,0,0,1,0,0,0,1,0,0,1,1,1,0,1,1,1,,,,,,,,,,,,,,,,,,,,,
tiy wiqu,m,,,2,2,2,0,0,2,2,0,2,2,2,2,2,0,2,2,2,2,2,2,2,2,2,2,2,2,2,2,2,2,2,2,2,2,2,2,2,2,2,2,2,1,2,2,0,0,1,0,1,1,0,0,1,0,0,1,0,1,0,1,1,1,,,,,,,,,,,,,,,,,,,,,
tiy wiqi,m,,,2,1,2,1,0,2,2,1,2,2,2,2,2,0,2,2,2,2,2,2,2,2,2,0,2,2,2,2,1,2,2,2,2,2,2,2,2,2,2,2,2,2,2,2,0,1,1,1,1,1,0,0,1,0,1,1,0,1,1,1,0,0,,,,,,,,,,,,,,,,,,,,,
Toq Peip,m,,,2,2,2,1,0,2,2,1,2,2,2,2,2,0,0,2,2,2,2,2,2,2,2,2,2,2,2,1,2,2,2,2,2,2,2,2,2,2,2,2,2,2,2,2,,,,,,,,,,,,,,,,,,,,,,,,,,,,,,,,,,,,,,,
Tot Tirt,m,,,2,1,2,1,0,2,2,2,2,2,2,2,1,0,2,2,2,1,2,2,2,2,1,1,2,2,2,1,2,2,2,2,2,2,2,2,2,1,2,2,2,2,2,2,,,,,,,,,,,,,,,,,,,,,,,,,,,,,,,,,,,,,,,
Ypq Uwtu,f,,,2,1,2,0,0,2,2,2,2,2,2,2,0,0,2,2,2,2,2,2,2,2,1,2,2,2,2,1,2,2,2,2,2,2,2,1,2,2,2,2,2,1,1,2,,,,,,,,,,,,,,,,,,,,,,,,,,,,,,,,,,,,,,,
Ype Iurr,m,,,2,1,2,0,0,2,2,2,2,2,2,2,2,0,2,2,2,2,2,2,2,2,2,2,2,2,2,2,2,2,2,2,2,2,2,2,2,2,2,2,2,2,2,2,,,,,,,,,,,,,,,,,,,,,,,,,,,,,,,,,,,,,,,
Yip Pwqw,f,,,2,1,2,0,1,2,2,1,2,2,2,2,2,0,2,2,2,2,2,2,2,2,1,2,2,2,2,2,2,2,2,2,2,2,2,2,2,2,2,2,2,2,2,2,,,,,,,,,,,,,,,,,,,,,,,,,,,,,,,,,,,,,,,
Yip Pwqy,m,,,2,2,2,0,0,2,2,1,2,2,2,2,2,0,2,2,2,2,2,2,2,2,2,2,2,2,2,2,2,2,2,2,2,2,2,2,2,2,2,2,2,2,2,2,,,,,,,,,,,,,,,,,,,,,,,,,,,,,,,,,,,,,,,
Yir Euqy,f,,,2,2,2,0,0,2,2,2,1,2,2,2,2,0,0,2,2,2,2,2,2,2,2,2,2,2,2,2,2,2,2,2,2,2,2,2,2,2,2,2,2,2,2,2,,,,,,,,,,,,,,,,,,,,,,,,,,,,,,,,,,,,,,,
Yip Ytwr,f,Yip Pwqu,Yip Pwqw,2,2,2,0,1,2,2,1,2,2,2,2,2,0,0,2,2,2,2,2,2,2,2,2,2,2,2,2,2,2,2,2,2,2,2,2,2,2,2,2,2,2,2,2,,,,,,,,,,,,,,,,,,,,,,,,,,,,,,,,,,,,,,,
Yip Ytep,f,Ype Iuru,Tou Irpo,2,2,2,1,0,2,2,2,1,2,2,2,2,0,0,2,2,2,2,2,0,2,2,2,2,2,2,2,2,2,2,2,2,2,2,2,2,2,2,2,2,2,2,2,,,,,,,,,,,,,,,,,,,,,,,,,,,,,,,,,,,,,,,
Yip Ytrp,f,Ype Iuru,Tou Irpo,2,1,2,1,0,2,2,2,2,2,2,2,2,0,2,2,2,2,2,2,0,2,2,2,2,2,2,2,2,2,2,2,2,2,2,2,2,2,2,2,2,2,2,2,,,,,,,,,,,,,,,,,,,,,,,,,,,,,,,,,,,,,,,
Yip Ytrq,m,Ype Iuru,Tou Irpo,2,2,2,1,0,2,2,2,2,2,2,2,2,0,2,2,2,2,2,2,2,2,2,0,2,2,2,2,2,2,2,2,2,2,2,2,2,2,2,2,2,2,2,2,,,,,,,,,,,,,,,,,,,,,,,,,,,,,,,,,,,,,,,
Yip Yttp,f,Yip Pwqu,Yip Pwqw,2,1,2,0,1,2,2,1,2,2,2,2,2,0,2,2,2,2,2,2,2,2,2,2,2,0,2,2,2,2,2,2,2,2,2,2,2,2,2,2,2,2,2,2,,,,,,,,,,,,,,,,,,,,,,,,,,,,,,,,,,,,,,,
Yip Yttw,f,Yip Pwqu,Yip Pwqw,2,2,2,0,0,2,2,2,2,2,2,2,2,0,2,2,2,2,2,2,2,2,2,2,2,2,2,2,2,2,2,2,2,2,2,2,2,2,2,2,2,2,2,2,,,,,,,,,,,,,,,,,,,,,,,,,,,,,,,,,,,,,,,
Yip Yype,m,Yip Pwqi,Toe Pwyu,2,2,2,0,0,2,2,2,2,2,2,2,2,0,2,2,2,2,2,2,2,2,2,2,2,2,2,2,2,2,2,2,2,2,2,2,2,2,2,2,2,2,2,2,,,,,,,,,,,,,,,,,,,,,,,,,,,,,,,,,,,,,,,
tip oqpq,m,Tuo Iquy,Tuo Iquq,2,2,2,1,0,2,2,2,2,2,2,2,2,0,2,2,2,2,2,2,2,2,2,2,2,2,2,2,2,2,2,2,2,2,2,2,2,2,2,2,2,2,2,2,1,1,1,0,1,0,1,1,1,1,0,1,1,1,0,1,0,1,,,,,,,,,,,,,,,,,,,,,
tiq wqiw,f,Tuo Iquy,Tuo Iqup,2,2,2,0,0,2,2,1,2,2,2,2,2,0,1,2,1,2,2,2,1,2,2,2,2,2,2,2,2,0,2,2,2,2,2,2,2,2,2,2,2,2,2,2,0,1,0,0,1,1,0,0,1,0,1,1,1,1,0,1,1,1,,,,,,,,,,,,,,,,,,,,,
top wttr,m,Tuo Iqut,Tio Tqie,2,1,1,0,0,2,2,1,2,2,2,2,2,2,0,2,2,2,2,2,2,2,2,1,2,2,2,2,2,2,2,2,2,2,2,2,2,2,2,2,2,2,2,2,1,0,0,0,1,0,0,0,1,0,0,1,0,1,1,1,0,1,,,,,,,,,,,,,,,,,,,,,
Yip Ytpt,m,Toe Pwur,Ypq Uwtu,2,1,2,0,0,2,2,2,2,2,2,2,2,0,2,2,2,2,2,2,2,2,2,2,2,2,2,2,2,0,2,2,2,2,2,0,2,2,2,2,2,2,2,2,,,,,,,,,,,,,,,,,,,,,,,,,,,,,,,,,,,,,,,
Yip Qurp,f,Tou Irpw,Toe Pwye,2,2,2,1,0,2,2,2,2,1,2,2,2,0,2,2,2,2,2,2,2,2,2,2,2,2,2,2,2,2,2,2,2,2,2,2,2,2,2,2,2,2,2,2,,,,,,,,,,,,,,,,,,,,,,,,,,,,,,,,,,,,,,,
Yip Qurq,f,Tou Irpw,Toe Pwye,2,2,2,2,0,2,2,1,2,1,2,2,2,0,2,2,2,2,2,2,2,2,2,2,2,2,2,2,2,2,2,2,2,2,2,2,2,2,2,2,2,2,2,2,,,,,,,,,,,,,,,,,,,,,,,,,,,,,,,,,,,,,,,
Yip Qyqr,m,Tou Irpp,Tiy Wiqp,2,2,2,1,2,2,2,2,2,2,2,2,2,0,2,2,2,2,2,2,2,0,2,2,2,0,2,2,2,2,2,2,2,2,2,2,2,2,2,2,2,2,2,2,,,,,,,,,,,,,,,,,,,,,,,,,,,,,,,,,,,,,,,
Yip Qyqy,f,Tou Irpp,Tiy Wiqp,2,2,2,1,1,2,2,1,2,2,2,2,2,0,2,2,2,2,2,2,2,2,2,2,2,0,2,2,2,2,2,2,2,2,2,2,2,2,2,2,2,2,2,2,,,,,,,,,,,,,,,,,,,,,,,,,,,,,,,,,,,,,,,
Yip Qyqo,f,Tou Irpw,Toe Pwye,2,2,2,2,0,2,2,2,2,2,2,2,2,0,2,2,2,2,2,0,2,2,1,2,2,0,2,2,2,2,2,2,2,2,2,2,2,2,2,2,2,2,2,2,,,,,,,,,,,,,,,,,,,,,,,,,,,,,,,,,,,,,,,
Yip Qttw,m,Ypq Uwyi,Tiy Wiqp,2,2,2,0,1,2,2,2,2,2,2,2,2,0,2,2,2,2,2,2,2,0,2,2,2,0,2,2,2,2,2,2,2,2,2,2,2,2,2,2,2,2,2,2,,,,,,,,,,,,,,,,,,,,,,,,,,,,,,,,,,,,,,,
Tow Quui,f,Tui Eiyq,Tuu Wrte,2,1,2,1,0,2,2,1,2,1,2,2,2,0,2,2,2,2,2,2,2,2,2,2,2,2,2,2,2,2,2,2,2,2,2,2,2,2,2,2,2,2,2,2,,,,,,,,,,,,,,,,,,,,,,,,,,,,,,,,,,,,,,,
tiy eiup,m,Tuu Qpwy,Tiy Wipi,2,1,2,1,0,2,2,1,2,2,2,2,2,2,2,1,1,2,2,2,1,2,1,2,2,2,2,1,1,1,2,2,2,2,2,2,2,2,2,2,2,2,2,2,0,0,0,1,1,1,1,1,1,0,0,1,0,1,1,1,1,0,,,,,,,,,,,,,,,,,,,,,
tiq wqip,f,Tuo Iquy,Tuo Iqup,2,1,1,0,0,2,2,2,2,2,2,2,2,0,1,2,1,2,2,2,1,2,2,2,2,2,2,2,2,1,2,2,2,2,2,2,2,2,2,2,2,2,2,2,1,1,0,0,1,0,1,0,1,0,0,1,1,1,1,1,1,1,,,,,,,,,,,,,,,,,,,,,
top wtru,f,Tuo Iqut,Tio Tqie,2,1,1,0,0,2,2,1,2,2,2,2,2,2,1,2,2,2,2,2,2,2,2,1,2,2,2,2,2,2,2,2,2,2,2,2,2,2,2,2,2,2,2,2,1,0,0,0,1,0,0,0,1,0,0,0,0,1,1,1,1,1,,,,,,,,,,,,,,,,,,,,,
top wtyw,f,Tuo Iqut,Tio Tqie,2,1,1,0,0,2,2,1,2,2,2,2,2,2,1,2,2,2,2,2,2,2,2,1,2,2,2,2,2,2,2,2,2,2,2,2,2,2,2,2,2,2,2,2,0,0,0,0,1,1,0,0,1,0,1,1,0,1,1,1,1,1,,,,,,,,,,,,,,,,,,,,,
tip opou,f,Tuo Iquy,Tuo Iquq,2,2,2,1,0,2,2,2,2,2,2,2,2,0,2,2,2,2,2,2,0,2,2,2,2,2,2,2,2,2,2,2,2,2,2,2,2,2,2,2,2,2,2,2,1,1,1,0,1,0,1,1,1,1,0,1,0,1,0,1,1,1,,,,,,,,,,,,,,,,,,,,,
top wtir,m,Tiy Wiqr,Tuu Wrte,2,2,1,1,0,2,2,2,2,1,2,2,1,2,1,2,2,2,2,2,0,2,2,2,2,2,2,2,2,1,2,2,2,2,2,2,2,2,2,2,2,2,2,2,1,1,1,1,1,0,1,1,1,1,1,1,0,1,0,1,1,1,,,,,,,,,,,,,,,,,,,,,
tiy eiqw,f,Tiy Wiqu,Tiy Wiqw,2,2,2,1,0,2,2,1,2,2,2,2,0,0,2,2,1,2,2,2,2,2,2,2,2,2,2,2,2,2,2,2,2,2,2,2,2,2,2,2,2,2,2,2,1,1,0,1,1,0,0,0,1,0,0,1,1,1,0,1,0,1,,,,,,,,,,,,,,,,,,,,,
tiy eiqt,f,Tiy Wiqu,Tiy Wiqw,2,2,2,0,2,2,2,1,2,2,2,2,2,0,2,2,1,2,2,2,2,2,2,2,2,2,2,2,2,2,2,2,2,2,2,2,2,2,2,2,2,1,2,2,0,1,1,1,1,1,0,0,1,0,0,1,0,1,0,1,1,1,,,,,,,,,,,,,,,,,,,,,
top wttp,m,Tuo Iqut,Tio Tqie,2,1,1,0,1,2,2,1,2,2,2,2,2,2,1,2,2,2,2,2,2,2,2,1,2,2,2,2,2,2,2,2,2,2,2,2,2,2,2,2,2,2,2,2,1,0,0,0,1,0,0,0,1,0,1,0,1,1,1,1,1,1,,,,,,,,,,,,,,,,,,,,,
top roiu,f,Tiy Wiqi,Tio Tqit,2,2,2,2,0,2,2,1,2,2,2,2,2,0,2,2,2,2,2,2,2,1,2,1,2,0,2,2,2,2,2,2,2,2,2,2,2,2,2,2,2,2,2,2,1,1,0,0,1,0,1,0,1,0,1,1,1,1,1,1,0,0,,,,,,,,,,,,,,,,,,,,,
tiq wqir,m,Tuo Iquy,Tuo Iqup,2,2,1,0,0,2,2,1,2,2,2,2,2,0,1,2,1,2,2,2,1,2,2,2,2,2,2,2,2,1,2,2,2,2,2,2,2,2,2,2,2,2,2,2,1,1,0,0,1,0,1,1,1,1,0,1,1,1,1,1,1,1,,,,,,,,,,,,,,,,,,,,,
tit oiiw,f,Tuo Iquy,Tiw Uiip,2,2,2,2,0,2,2,0,2,2,2,2,2,0,2,2,1,2,2,1,1,2,1,2,2,1,2,2,2,0,2,2,2,2,2,2,2,2,2,2,2,2,2,2,1,1,1,1,1,0,1,1,1,1,1,1,1,1,1,1,1,1,,,,,,,,,,,,,,,,,,,,,
tuo qiyu,m,Tuu Wrtt,Tuu Wrte,2,2,2,1,0,2,2,1,1,2,2,1,1,0,2,2,2,2,2,2,2,2,1,2,2,2,2,2,2,2,2,2,2,2,2,2,2,2,2,2,2,2,2,2,0,1,1,1,1,1,0,1,1,0,0,1,1,1,0,1,0,1,,,,,,,,,,,,,,,,,,,,,
top root,m,Tiy Wiqr,Tio Tqiy,2,2,2,1,0,2,2,2,2,2,2,2,1,0,0,2,1,2,2,2,1,2,2,2,2,2,2,2,2,2,2,2,2,2,2,2,2,2,2,2,2,2,2,2,1,0,1,1,1,0,0,1,1,1,0,1,1,1,0,1,0,1,,,,,,,,,,,,,,,,,,,,,
tiq wqor,m,Tuu Qpwy,Tuo Iqyy,2,1,2,0,0,2,2,0,2,1,2,2,1,1,2,1,1,2,2,2,2,2,1,2,2,2,2,2,1,1,2,2,2,2,2,2,2,2,2,2,2,2,2,2,0,0,1,1,1,1,1,0,1,0,1,1,0,1,0,1,0,1,,,,,,,,,,,,,,,,,,,,,
top wtip,f,Tiy Wiqr,Tuu Wrte,2,1,2,1,0,2,2,1,1,1,2,2,1,0,0,2,2,2,2,2,1,2,2,2,2,2,2,2,2,1,2,2,2,2,2,2,2,2,2,2,2,2,2,2,0,0,0,1,1,1,1,1,1,0,0,1,0,1,1,1,0,1,,,,,,,,,,,,,,,,,,,,,
top tppp,m,Tiy Wiqr,Tio Tqiy,2,2,2,1,0,2,2,1,1,2,2,2,1,0,0,2,0,2,2,2,1,2,2,2,2,2,2,2,2,2,2,2,2,2,2,2,2,2,2,2,2,2,2,2,1,0,0,1,1,0,0,1,1,1,0,1,0,1,0,1,1,0,,,,,,,,,,,,,,,,,,,,,
tip roet,f,Tui Eiyq,Tui Eiuq,2,1,2,1,0,2,2,1,2,2,2,2,2,0,2,1,2,2,2,2,2,2,1,2,1,1,2,2,1,0,2,2,2,2,2,2,2,2,2,2,2,2,2,2,0,1,0,0,1,1,0,0,1,0,1,1,1,1,1,1,1,1,,,,,,,,,,,,,,,,,,,,,
tit oiie,m,Tuo Iquy,Tiw Uiip,2,2,2,1,0,2,2,1,2,2,2,2,2,0,2,2,1,2,2,1,1,2,1,2,2,1,2,2,2,0,2,2,2,2,2,2,2,2,2,2,2,2,2,2,1,1,0,1,1,0,1,0,1,0,0,1,0,1,1,1,1,1,,,,,,,,,,,,,,,,,,,,,
top rooy,f,Tiy Wiqr,Tio Tqiy,2,2,2,2,0,2,2,1,2,1,2,2,1,0,0,2,1,2,2,2,1,2,2,2,2,2,2,2,2,2,2,2,2,2,2,2,2,2,2,2,2,2,2,2,1,1,0,0,1,0,0,1,1,1,0,0,0,1,1,1,1,0,,,,,,,,,,,,,,,,,,,,,
tit oiyu,f,Tiw Uiiw,Tiw Uiuy,2,2,2,2,0,2,2,0,2,2,2,2,2,0,2,2,2,2,2,2,2,2,1,2,2,2,2,2,2,2,2,2,2,2,2,2,2,2,2,2,2,2,2,2,0,0,0,0,1,1,1,1,1,0,1,1,0,1,0,1,0,0,,,,,,,,,,,,,,,,,,,,,
top wtop,f,Tiy Wiqr,Tuu Wrte,2,1,2,1,0,2,2,1,2,1,2,2,1,0,1,2,2,2,2,2,1,2,2,2,2,2,2,2,2,1,2,2,2,2,2,2,2,2,2,2,2,2,2,2,1,0,0,1,1,0,0,1,1,1,1,1,0,1,1,1,0,1,,,,,,,,,,,,,,,,,,,,,
tiy eiuq,m,Tuu Qpwy,Tiy Wipi,2,2,2,2,0,2,2,1,2,2,2,2,2,0,2,1,1,2,2,2,1,2,1,2,2,2,2,1,1,1,2,2,2,2,2,2,2,2,2,2,2,2,2,2,1,0,0,1,1,0,0,1,1,1,1,0,1,1,1,1,1,1,,,,,,,,,,,,,,,,,,,,,
Yie Orwi,f,Ypq Uwyu,Ypq Uwtu,2,1,1,1,0,2,2,2,2,2,2,2,2,0,2,2,2,2,2,0,2,2,2,2,2,2,2,2,2,2,2,2,2,2,2,2,2,2,2,2,2,2,2,2,,,,,,,,,,,,,,,,,,,,,,,,,,,,,,,,,,,,,,,
Yie Orrp,f,Tot Tirt,Tuo Iqup,2,1,1,1,0,2,2,2,2,2,2,2,2,0,2,2,2,2,2,2,2,2,2,2,2,2,2,2,2,2,2,2,2,2,2,2,2,2,2,2,2,2,2,2,,,,,,,,,,,,,,,,,,,,,,,,,,,,,,,,,,,,,,,
Yir Wpui,f,Toq Peip,Yip Ipet,2,2,2,1,0,2,2,2,2,2,2,2,2,0,0,2,2,2,2,2,2,2,2,2,2,2,2,2,2,2,2,2,2,2,2,2,2,2,2,2,2,2,2,2,,,,,,,,,,,,,,,,,,,,,,,,,,,,,,,,,,,,,,,
Yie Orwr,m,Ypq Uwyu,Yip Pwqw,2,2,1,1,0,2,2,2,2,2,2,2,2,0,2,2,2,2,2,2,0,2,2,0,2,2,2,2,2,2,2,2,2,2,2,2,2,2,2,2,2,2,2,2,,,,,,,,,,,,,,,,,,,,,,,,,,,,,,,,,,,,,,,
Yie Orwt,m,Ypq Uwyu,Yip Pwqw,2,2,2,0,1,2,2,2,2,2,2,2,2,0,2,2,1,2,2,2,2,2,2,2,2,2,2,2,2,2,2,2,2,2,2,2,2,2,2,2,2,2,2,2,,,,,,,,,,,,,,,,,,,,,,,,,,,,,,,,,,,,,,,
Yie Orwu,m,Ypq Uwyu,Ypq Uwtu,2,1,1,2,0,2,2,2,2,2,2,2,2,0,2,2,2,2,2,2,2,2,1,2,2,2,2,1,2,0,2,2,2,2,2,2,2,2,2,2,2,2,2,2,,,,,,,,,,,,,,,,,,,,,,,,,,,,,,,,,,,,,,,
Yie Orep,m,Ypq Uwyu,Ypq Uwtu,2,1,1,1,0,2,2,2,2,2,2,2,2,0,2,2,2,2,2,2,2,2,2,2,2,2,2,2,2,2,2,2,2,2,2,2,2,2,2,2,2,1,2,2,,,,,,,,,,,,,,,,,,,,,,,,,,,,,,,,,,,,,,,
Yie Orei,m,Tot Tirt,Tuo Iqup,2,0,1,0,0,2,2,2,2,2,2,2,2,0,2,2,2,2,2,2,2,2,2,2,2,2,2,2,2,2,2,2,2,2,2,2,2,2,2,2,2,2,2,2,,,,,,,,,,,,,,,,,,,,,,,,,,,,,,,,,,,,,,,
Yie Orre,m,Ype Iurr,Tiy Wiqp,2,1,2,0,0,2,2,2,2,2,2,2,2,0,2,2,2,2,2,2,0,2,2,2,2,2,2,2,2,2,2,2,2,2,2,2,2,2,2,2,2,2,2,2,,,,,,,,,,,,,,,,,,,,,,,,,,,,,,,,,,,,,,,
Yir Wpuo,m,Toq Peip,Yip Ipet,2,2,2,1,0,2,2,2,2,2,2,2,2,0,2,2,2,2,2,2,2,2,2,2,2,2,2,1,2,2,2,2,2,2,2,2,2,2,2,2,2,2,2,2,,,,,,,,,,,,,,,,,,,,,,,,,,,,,,,,,,,,,,,
Yir Wpip,m,Toq Peip,Yip Ipet,2,2,2,0,0,2,2,2,2,2,2,2,2,0,0,2,2,2,2,2,2,2,2,2,2,2,2,2,2,2,2,2,2,2,2,2,2,2,2,2,2,2,2,2,,,,,,,,,,,,,,,,,,,,,,,,,,,,,,,,,,,,,,,
Yir Ieut,m,Tot Tirt,Ypq Uwtu,2,0,2,0,0,2,2,2,2,2,2,2,2,0,2,2,2,2,2,2,2,2,2,2,2,2,2,2,2,2,2,2,2,2,2,2,2,2,2,2,2,2,2,2,,,,,,,,,,,,,,,,,,,,,,,,,,,,,,,,,,,,,,,
Yir Ieop,m,Tot Tirt,Yir Euqy,2,2,2,0,0,2,2,2,2,2,2,2,2,0,2,2,2,2,2,2,0,2,2,2,2,2,2,2,2,2,2,2,2,2,2,2,2,2,2,2,2,2,2,2,,,,,,,,,,,,,,,,,,,,,,,,,,,,,,,,,,,,,,,
top wtiw,m,Tiy Wiqr,Tuu Wrte,2,1,2,1,0,2,2,2,1,2,2,2,0,0,1,2,2,2,2,2,0,1,2,2,2,2,2,2,2,1,2,2,2,2,2,2,2,2,2,2,2,2,2,2,1,1,1,1,1,0,1,0,1,0,0,1,0,1,0,1,0,1,,,,,,,,,,,,,,,,,,,,,
tiq wqiq,f,Tuo Iquy,Tuo Iqup,2,2,1,0,0,2,2,1,2,2,2,2,2,0,1,2,1,2,2,2,1,2,2,2,2,2,2,2,2,1,2,2,2,2,2,2,2,2,2,2,2,2,2,2,0,1,0,0,1,1,0,0,1,0,0,1,1,1,1,1,1,1,,,,,,,,,,,,,,,,,,,,,
tiy euwe,f,Tuo Iqut,Tiy Wipi,2,1,1,1,0,2,2,1,2,2,2,2,2,2,1,2,2,2,2,2,2,2,1,2,2,2,2,2,2,2,2,2,2,2,2,2,2,2,2,2,2,2,2,2,0,0,0,0,1,1,0,0,1,0,1,0,1,1,1,1,0,0,,,,,,,,,,,,,,,,,,,,,
top wtuu,m,Tiy Wiqr,Tuu Wrte,2,1,1,1,0,2,2,1,1,2,2,2,1,2,1,2,2,2,2,2,1,2,2,0,2,2,2,2,1,1,2,2,2,2,2,2,2,2,2,2,2,2,2,2,0,1,1,1,1,1,0,1,1,0,0,1,0,1,0,1,1,1,,,,,,,,,,,,,,,,,,,,,
tiy uytp,f,Tuo Iqut,Tiy Wipi,2,1,1,1,0,2,2,0,2,2,2,2,0,2,1,2,2,2,2,2,2,2,1,2,2,2,2,2,2,2,2,2,2,2,2,2,2,2,2,2,2,2,2,2,1,0,0,0,1,0,0,0,1,0,1,1,0,1,0,1,0,0,,,,,,,,,,,,,,,,,,,,,
tiy eiwp,m,Tiy Wiqi,Tiy Wiqp,2,2,2,1,2,2,2,2,2,2,2,2,0,0,2,2,2,2,2,2,2,2,2,0,2,2,2,2,2,2,2,2,2,2,2,2,2,2,2,2,2,2,2,2,1,1,1,1,1,0,1,0,1,0,0,1,1,1,1,1,0,0,,,,,,,,,,,,,,,,,,,,,
top wtio,m,Tiy Wiqr,Tuu Wrte,2,1,1,1,0,2,2,1,2,2,2,2,0,0,1,2,2,2,2,2,0,2,2,2,2,2,2,2,2,1,2,2,2,2,2,2,2,2,2,2,2,2,2,2,1,1,1,1,1,0,1,1,1,1,0,1,0,1,0,1,0,1,,,,,,,,,,,,,,,,,,,,,
top wtyr,f,Tuo Iqut,Tio Tqie,2,1,1,0,1,2,2,1,2,2,2,2,2,2,1,2,2,2,2,2,2,2,2,1,2,2,2,2,2,2,2,2,0,2,2,2,2,2,2,2,2,2,2,2,1,0,0,0,1,0,0,0,1,0,0,0,0,1,1,1,1,1,,,,,,,,,,,,,,,,,,,,,
Yip Qtio,f,Tot Tirt,Toe Pwyt,0,1,2,2,0,2,2,2,2,2,2,2,2,0,2,2,2,2,2,2,2,2,2,2,2,2,2,2,2,2,2,2,2,2,2,2,2,2,2,2,2,2,2,2,,,,,,,,,,,,,,,,,,,,,,,,,,,,,,,,,,,,,,,
yip qtop,m,Tot Tirt,Toe Pwyt,1,1,2,2,0,2,2,1,2,2,2,2,2,0,2,2,2,2,2,2,2,2,2,2,2,2,2,2,2,2,2,2,2,2,2,2,2,2,2,2,2,2,2,2,,,,,,,,,,,,,,,,,,,,,,,,,,,,,,,,,,,,,,,
Yip Qtiu,m,Tou Irpp,Tiy Wiqp,2,2,2,1,1,2,2,2,2,2,2,2,0,0,2,2,2,2,2,2,2,2,2,2,2,0,2,2,2,2,2,2,2,2,2,2,2,2,2,2,2,2,2,2,,,,,,,,,,,,,,,,,,,,,,,,,,,,,,,,,,,,,,,
yip qtoq,f,Tot Tirt,Toe Pwyt,2,2,2,2,0,2,2,2,2,2,2,2,0,0,2,2,2,2,2,2,2,2,2,2,2,2,2,2,2,2,2,2,2,2,2,2,2,2,2,2,2,2,2,2,,,,,,,,,,,,,,,,,,,,,,,,,,,,,,,,,,,,,,,
Yip Qtit,m,Tou Irpp,Tiy Wiqp,2,2,2,1,1,2,2,2,2,2,2,2,0,0,2,2,2,2,2,2,2,2,2,2,2,0,2,2,2,2,2,2,2,2,2,2,2,2,2,2,2,2,2,2,,,,,,,,,,,,,,,,,,,,,,,,,,,,,,,,,,,,,,,
Yip Ytww,m,Yip Pwqu,Yip Pwqw,2,1,2,0,1,2,2,1,2,2,2,2,2,0,2,2,2,2,2,2,0,2,2,2,2,2,2,2,2,0,2,2,2,2,2,2,2,2,2,2,2,2,2,2,,,,,,,,,,,,,,,,,,,,,,,,,,,,,,,,,,,,,,,
top roor,m,Tiy Wiqr,Tio Tqiy,2,2,2,1,0,2,2,2,1,1,2,2,1,0,1,2,1,2,2,2,1,0,2,2,2,2,2,2,2,2,2,2,2,2,2,2,2,2,2,2,2,2,2,2,,,,,,,,,,,,,,,,,,,,,,,,,,,,,,,,,,,,,,,
Toe Eqiu,f,Top Wtiw,Tiq Wqiw,2,2,2,1,0,2,2,2,2,2,2,2,2,2,2,2,2,2,2,2,2,2,2,2,2,0,2,2,2,2,2,2,2,2,2,2,2,2,2,2,2,2,2,2,,,,,,,,,,,,,,,,,,,,,,,,,,,,,,,,,,,,,,,
Toe Eqor,f,Top Wtiw,Tiy Euwe,2,2,1,1,0,2,2,1,2,2,2,2,2,2,0,2,2,2,2,2,2,2,2,2,2,2,2,2,2,2,2,2,2,2,2,2,2,2,2,2,2,2,2,2,,,,,,,,,,,,,,,,,,,,,,,,,,,,,,,,,,,,,,,
Toe Ewqe,f,Top Wtuu,Tiy Uytp,2,1,1,1,0,2,2,1,2,2,2,2,2,2,2,2,2,2,2,2,2,2,2,2,0,2,2,2,2,2,2,2,2,2,2,2,2,2,2,2,2,2,2,2,,,,,,,,,,,,,,,,,,,,,,,,,,,,,,,,,,,,,,,
Toe Ewro,f,Tiy Eiwp,Tiy Eiqt,2,2,2,0,0,2,2,1,2,2,2,2,2,0,2,2,2,2,2,2,2,2,2,2,2,2,2,2,2,2,2,2,2,2,2,2,2,2,2,2,2,2,2,2,,,,,,,,,,,,,,,,,,,,,,,,,,,,,,,,,,,,,,,
Toe Ewyq,m,Tiy Eiwp,Tiq Wqip,2,2,2,1,1,2,2,2,2,2,2,2,2,0,2,2,2,2,2,2,2,2,2,2,2,2,2,2,2,2,2,2,2,2,2,2,2,2,2,2,2,2,2,2,,,,,,,,,,,,,,,,,,,,,,,,,,,,,,,,,,,,,,,
Toe Ewyr,f,Tiy Eiwp,Tiq Wqip,2,2,2,0,0,2,2,2,2,2,2,2,2,0,0,2,2,2,2,2,2,2,2,2,2,2,2,2,2,2,2,2,2,2,2,2,2,2,2,2,2,2,2,2,,,,,,,,,,,,,,,,,,,,,,,,,,,,,,,,,,,,,,,
Toe Oiyq,f,Tip Oqpq,Tiy Eiqw,2,2,2,1,0,2,2,1,2,2,2,2,2,0,2,2,2,2,2,2,2,2,2,2,2,2,2,2,2,2,2,2,2,2,2,2,2,2,2,2,2,2,2,2,,,,,,,,,,,,,,,,,,,,,,,,,,,,,,,,,,,,,,,
Toe Oiyu,m,Top Wtio,Top Wtyr,2,2,1,1,1,2,2,2,2,2,2,2,2,2,0,2,2,2,2,2,2,2,2,2,2,2,2,2,2,2,2,2,2,2,2,2,2,2,2,2,2,2,2,2,,,,,,,,,,,,,,,,,,,,,,,,,,,,,,,,,,,,,,,
Yip Ytwu,m,Yip Qyqr,Yip Qtio,2,2,2,2,1,2,2,2,2,2,2,2,2,0,2,2,2,2,2,2,2,2,2,2,2,0,2,2,2,2,2,2,2,2,2,2,2,2,2,2,2,2,2,2,,,,,,,,,,,,,,,,,,,,,,,,,,,,,,,,,,,,,,,
Yip Ytwi,m,Yip Qyqr,Yip Qtio,2,2,2,2,1,2,2,2,2,2,2,2,2,0,2,2,2,2,2,2,2,0,2,2,2,2,2,2,2,2,2,2,2,2,2,2,2,2,2,2,2,2,2,2,,,,,,,,,,,,,,,,,,,,,,,,,,,,,,,,,,,,,,,
Yip Yteq,f,Yip Qtop,Yip Qyqo,2,2,2,2,0,2,2,1,2,2,2,2,2,0,2,2,2,2,2,2,2,2,2,2,2,0,2,2,2,2,2,2,2,2,2,2,2,2,2,2,2,2,2,2,,,,,,,,,,,,,,,,,,,,,,,,,,,,,,,,,,,,,,,
Yip Ytet,f,Yip Qtop,Yip Qyqo,2,2,2,2,0,2,2,1,2,2,2,2,2,0,2,2,2,2,2,2,2,2,2,2,2,2,2,2,2,2,2,2,2,2,2,2,2,2,2,2,2,2,2,2,,,,,,,,,,,,,,,,,,,,,,,,,,,,,,,,,,,,,,,
Yip Ytre,f,Yip Qtiu,Yip Qtoq,2,2,2,1,1,2,2,2,2,2,2,2,2,0,2,2,2,2,2,2,2,2,2,2,2,2,2,2,2,2,2,2,2,2,2,2,2,2,2,2,2,2,2,2,,,,,,,,,,,,,,,,,,,,,,,,,,,,,,,,,,,,,,,
Yip Ytoe,f,Yip Qtop,Yip Qyqo,2,2,2,2,0,2,2,1,2,2,2,2,2,0,2,2,2,2,2,2,2,2,2,2,2,2,2,2,2,2,2,2,2,2,2,2,2,2,2,2,2,2,2,2,,,,,,,,,,,,,,,,,,,,,,,,,,,,,,,,,,,,,,,
Yip Ytot,m,Yip Qtop,Yip Qyqo,2,1,2,2,0,2,2,2,2,2,2,2,2,0,2,2,2,2,2,2,2,2,2,2,2,0,2,2,2,2,2,2,2,2,2,2,2,2,2,2,2,2,2,2,,,,,,,,,,,,,,,,,,,,,,,,,,,,,,,,,,,,,,,
Yip Ytpo,f,Yip Qtit,Yip Qyqo,2,2,2,2,0,2,2,2,2,2,2,2,2,0,2,2,2,2,2,2,2,2,0,,2,0,2,2,2,2,2,2,2,2,2,2,2,2,2,2,2,2,2,2,,,,,,,,,,,,,,,,,,,,,,,,,,,,,,,,,,,,,,,
